{"loss": [0.33435434103012085, 0.14587152004241943, 0.08469123393297195, 0.058130230754613876, 0.045677196234464645, 0.04224460572004318, 0.03966580331325531, 0.036845456808805466, 0.036523304879665375, 0.03615226969122887, 0.03565633296966553, 0.0332493782043457, 0.035471111536026, 0.033978965133428574, 0.033495429903268814, 0.0337371826171875, 0.033269692212343216, 0.03298347070813179, 0.033171866089105606, 0.03379300981760025, 0.03235384821891785, 0.03227504715323448, 0.028583209961652756, 0.026398537680506706, 0.025310125201940536, 0.026474766433238983, 0.026667270809412003, 0.02701486647129059, 0.025343138724565506, 0.02339496836066246, 0.025528620928525925, 0.02446063980460167, 0.023408588021993637, 0.024145323783159256, 0.024360597133636475, 0.024730799719691277, 0.023651760071516037, 0.02447449415922165, 0.02555961161851883, 0.025455283001065254, 0.024639535695314407, 0.023986216634511948, 0.02347812056541443, 0.02461073361337185, 0.020917894318699837, 0.02148236520588398, 0.0212224330753088, 0.02046024613082409, 0.01951557956635952, 0.019192060455679893, 0.019218619912862778, 0.019619697704911232, 0.019029945135116577, 0.0195806622505188, 0.019125226885080338, 0.018742825835943222, 0.02106604352593422, 0.018736712634563446, 0.018588420003652573, 0.019474053755402565, 0.018246043473482132, 0.018273960798978806, 0.018385043367743492, 0.018839998170733452, 0.018178241327404976, 0.018916551023721695, 0.020133154466748238, 0.018635014072060585, 0.017979370430111885, 0.017375050112605095, 0.018299825489521027, 0.018094338476657867, 0.01917758770287037, 0.018278654664754868, 0.017199115827679634, 0.01702165976166725, 0.01705193892121315, 0.016093743965029716, 0.016275351867079735, 0.015850327908992767, 0.016643432900309563, 0.01612149365246296, 0.016286564990878105, 0.015625428408384323, 0.015965044498443604, 0.016137154772877693, 0.015955360606312752, 0.015566855669021606, 0.0154653862118721, 0.01566362753510475, 0.01575632393360138, 0.01547997910529375, 0.016479915007948875, 0.014848281629383564, 0.01522496435791254, 0.015132098458707333, 0.015526545234024525, 0.014943664893507957, 0.015074918046593666, 0.015137357637286186], "val_loss": [0.19852875173091888, 0.10200034826993942, 0.062434371560811996, 0.045359719544649124, 0.03832118213176727, 0.03351098299026489, 0.030915789306163788, 0.030316408723592758, 0.03090415522456169, 0.02778671495616436, 0.029025087133049965, 0.02757168374955654, 0.029363011941313744, 0.02564934454858303, 0.025811539962887764, 0.027442196384072304, 0.029020998626947403, 0.028571654111146927, 0.02602994814515114, 0.0277344211935997, 0.026192424818873405, 0.02524741366505623, 0.022093620151281357, 0.021151671186089516, 0.019992634654045105, 0.021369872614741325, 0.021928247064352036, 0.02067364566028118, 0.01979830674827099, 0.018253697082400322, 0.020218707621097565, 0.019754525274038315, 0.018749963492155075, 0.01969507336616516, 0.01899864338338375, 0.01988995261490345, 0.017897851765155792, 0.02040562778711319, 0.019531352445483208, 0.019953543320298195, 0.01933390274643898, 0.019157754257321358, 0.018923817202448845, 0.020196465775370598, 0.01769268326461315, 0.01637599617242813, 0.016525238752365112, 0.016081906855106354, 0.015283633954823017, 0.015421370044350624, 0.015800664201378822, 0.014918697997927666, 0.014649959281086922, 0.015470702201128006, 0.01651603914797306, 0.015443750657141209, 0.015535680577158928, 0.014714685268700123, 0.01454371027648449, 0.01577128656208515, 0.01428453903645277, 0.014391102828085423, 0.014928464777767658, 0.014899409376084805, 0.015571200288832188, 0.013976030051708221, 0.015437938272953033, 0.014023574069142342, 0.014239618554711342, 0.014957934617996216, 0.015359423123300076, 0.014920943416655064, 0.014551260508596897, 0.014026110991835594, 0.013611414469778538, 0.013578669168055058, 0.013354641385376453, 0.012660181149840355, 0.012370450422167778, 0.012591122649610043, 0.012761799618601799, 0.012250438332557678, 0.01311412826180458, 0.012710941024124622, 0.012256779707968235, 0.01202424243092537, 0.011938601732254028, 0.012483173049986362, 0.012089920230209827, 0.01188210491091013, 0.012099470011889935, 0.011725514195859432, 0.012487908825278282, 0.011927371844649315, 0.012259653769433498, 0.011569462716579437, 0.011534495279192924, 0.011728779412806034, 0.01152184046804905, 0.012130795046687126], "accuracy": [0.9790312647819519, 0.992843747138977, 0.9936562776565552, 0.9935937523841858, 0.9942187666893005, 0.9942187666893005, 0.9937499761581421, 0.9938437342643738, 0.9936562776565552, 0.9940624833106995, 0.9938750267028809, 0.9941874742507935, 0.9935937523841858, 0.9938750267028809, 0.9944062232971191, 0.9943749904632568, 0.9940624833106995, 0.9942187666893005, 0.9938437342643738, 0.9944999814033508, 0.9946562647819519, 0.9941562414169312, 0.9951562285423279, 0.9948750138282776, 0.9950312376022339, 0.9950624704360962, 0.9943125247955322, 0.9949062466621399, 0.9951562285423279, 0.995312511920929, 0.9950000047683716, 0.9949062466621399, 0.9952812790870667, 0.9946249723434448, 0.9948750138282776, 0.9947812557220459, 0.9948124885559082, 0.9948124885559082, 0.995187520980835, 0.9948437213897705, 0.9949374794960022, 0.9950312376022339, 0.9950000047683716, 0.9945937395095825, 0.9951249957084656, 0.9950000047683716, 0.9949687719345093, 0.9950624704360962, 0.9951249957084656, 0.9951562285423279, 0.9952499866485596, 0.995187520980835, 0.9951249957084656, 0.9952812790870667, 0.9950937628746033, 0.9952499866485596, 0.9952499866485596, 0.9949062466621399, 0.995187520980835, 0.9952812790870667, 0.9953437447547913, 0.9952499866485596, 0.9950312376022339, 0.9949687719345093, 0.9952499866485596, 0.9952499866485596, 0.9948124885559082, 0.9952187538146973, 0.9953749775886536, 0.9955937266349792, 0.9954687356948853, 0.9952812790870667, 0.995437502861023, 0.9955000281333923, 0.9956250190734863, 0.995843768119812, 0.9953437447547913, 0.995718777179718, 0.9957500100135803, 0.9956562519073486, 0.9956874847412109, 0.9956874847412109, 0.995718777179718, 0.9955937266349792, 0.9956562519073486, 0.9955937266349792, 0.9957500100135803, 0.9956250190734863, 0.9957812428474426, 0.9953437447547913, 0.9955312609672546, 0.9956250190734863, 0.9953437447547913, 0.9958124756813049, 0.9955624938011169, 0.9960312247276306, 0.9957812428474426, 0.9958750009536743, 0.9958124756813049, 0.9958124756813049],